Complexity,Loss,Equation
1,0.026129572,"0.12735744"
4,0.023669975,"0.21478043 / exp(x0)"
5,0.0035504238,"(0.9438746 - x0) * x0"
6,0.0032282395,"tanh(x0 + x0) - x0"
7,0.0004972855,"x0 * (0.8464476 - (x0 * x0))"
8,0.00015221503,"x0 * tanh((0.9127564 - x0) * 1.6203551)"
9,3.0496227e-5,"(x0 * (1.5254018 - (x0 * 1.590392))) + -0.068543695"
10,4.3807895e-6,"(tanh(0.9125252 - x0) * (x0 + -0.036858115)) * 1.6406604"
