Complexity,Loss,Equation
1,0.026129572,"0.12735744"
4,0.023669975,"exp(-1.5381806 - x0)"
5,0.0035504238,"(0.9438746 - x0) * x0"
6,0.0032282395,"tanh(x0 + x0) - x0"
7,0.0004972856,"x0 * (0.84644854 - (x0 * x0))"
8,0.00015221503,"x0 * tanh((x0 + -0.9127558) * -1.6203519)"
9,3.0496223e-5,"(x0 + -0.04726305) * ((x0 + -0.9118718) * -1.5903835)"
10,4.380797e-6,"(tanh(x0 + -0.9125258) * -1.6406754) * (x0 + -0.036861155)"
