Complexity,Loss,Equation
1,0.026129572,"0.12735744"
4,0.023669975,"exp(-1.5381533 - x0)"
5,0.0035504238,"x0 * (0.9438746 - x0)"
6,0.00320796,"tanh(x0 * 2.0299385) - x0"
7,0.0004972855,"x0 * (0.8464476 - (x0 * x0))"
8,0.00015221504,"tanh((0.91275775 - x0) / 0.6171649) * x0"
9,3.0496321e-5,"(x0 + -0.047248743) * ((0.91187227 - x0) / 0.6288166)"
10,4.3808927e-6,"((x0 + -0.036836542) * tanh(0.9125276 - x0)) / 0.60956424"
