Complexity,Loss,Equation
1,0.11285662,"0.46753356"
3,0.0002871901,"1.0092413 - x0"
5,2.8404843e-6,"(x0 * -1.0528557) + 1.0378745"
7,5.001325e-7,"((x0 ^ 0.9871171) * -1.0561085) + 1.0426738"
