Complexity,Loss,Equation
1,0.097339965,"0.31450877"
3,0.0029763463,"0.9964536 - x0"
5,0.0005572194,"0.04136976 ^ (x0 ^ 2.0920596)"
6,0.00032868722,"exp(x0 / log(tanh(x0)))"
7,9.755897e-5,"(0.032364883 ^ (x0 ^ 2.5486236)) / 1.1071268"
