Complexity,Loss,Equation
1,0.0032465337,"0.11875594"
4,0.00041334733,"exp(-1.4443282 - x0)"
5,2.2041864e-7,"(x0 * -0.19671868) + 0.2529391"
6,9.941022e-9,"tanh((x0 * -0.20070657) + 0.25665584)"
8,1.0085018e-9,"tanh((x0 * -0.22597876) + 0.28856504) * 0.89280367"
10,1.2357275e-11,"(tanh((x0 * -0.27739468) + 0.29119048) + 0.06345543) * 0.7225686"
