Complexity,Loss,Equation
1,0.012943936,"0.13863045"
5,0.000257645,"x0 * (0.9798152 - x0)"
7,3.7245958e-5,"(1.0702368 - (x0 * 1.1093291)) * x0"
9,1.8775623e-5,"(x0 * (1.1165408 - (x0 * 1.14432))) - 0.012765808"
11,1.8775441e-5,"(x0 * (0.11654098 - (x0 * 1.14432))) + (x0 - 0.012765327)"
