Complexity,Loss,Equation
1,0.08605282,"0.305635"
3,0.00058060256,"1.0026958 - x0"
5,0.000120953424,"(0.98034215 - x0) * 1.0789025"
7,0.00012095333,"((-0.10859788 - x0) + 1.0889404) * 1.0789038"
