Complexity,Loss,Equation
1,0.08605282,"0.30560824"
3,0.00058060256,"1.0026966 - x0"
5,0.000120953424,"(x0 * -1.0789078) - -1.0576961"
7,0.000120953235,"1.0835103 - ((x0 * 1.0789078) + 0.02581389)"
