Complexity,Loss,Equation
1,0.006760995,"0.15355302"
4,0.0031839889,"sqrt(x0) - x0"
5,0.00013561186,"(0.9931625 - x0) * x0"
7,1.2951748e-5,"x0 * ((x0 * -1.0969892) - -1.0726644)"
9,3.1612958e-6,"((2.6440537 - exp(x0)) * tanh(x0)) * 0.5758776"
10,1.5102979e-6,"x0 * (0.22442377 - (tanh(x0 - 0.7760723) * 1.1378057))"
