Complexity,Loss,Equation
1,0.007860278,"0.13200758"
4,0.0027058746,"sqrt(x0) - x0"
5,0.00031092204,"x0 * (0.9878048 - x0)"
7,0.00028602962,"x0 - ((x0 * 1.0160614) * x0)"
9,0.00024774377,"(x0 * 1.046324) - ((x0 * 1.0685072) * x0)"
10,0.00024308937,"tanh((x0 * 1.0653039) - (x0 * (x0 * 1.0887524)))"
11,0.00023969832,"tanh(tanh((x0 - ((x0 * 1.0228081) * x0)) * 1.0849471))"
16,0.00023710476,"tanh(((x0 * 2.4536629) - ((x0 * 2.388725) * x0)) - (x0 * 0.122211955)) * 0.4857573"
