Complexity,Loss,Equation
1,0.006387891,"0.15772831"
4,0.0033867017,"sqrt(x0) - x0"
5,6.91616e-5,"x0 - (x0 ^ 2.0369961)"
7,2.9987414e-6,"x0 - ((x0 ^ 2.104231) * 1.0199229)"
9,7.591865e-7,"x0 - (((x0 - -0.008561169) ^ 2.150666) + 0.0034171666)"
