Complexity,Loss,Equation
1,0.0075785476,"0.13202596"
5,6.4783824e-5,"(0.9878172 - x0) * x0"
7,4.0478576e-6,"x0 * ((x0 * -1.0671706) - -1.0451944)"
9,3.006754e-6,"(x0 * (1.0259576 - (x0 * 1.0522928))) + 0.005206478"
11,3.0067483e-6,"(x0 + 0.0052000606) - (x0 * ((x0 * 1.0523145) + -0.025984395))"
13,2.104032e-6,"(x0 + 0.0086357435) - (x0 * (x0 + (x0 * (x0 * 0.03052771))))"
17,2.0107925e-6,"(((x0 * x0) * (3.7378433 - ((x0 * 0.85031164) - x0))) * -0.26501083) + (x0 - -0.0077639497)"
