Complexity,Loss,Equation
1,0.007362597,"0.13008568"
4,0.0023841918,"sqrt(x0) - x0"
5,0.00055137876,"x0 - (x0 ^ 1.9334408)"
6,0.0003894962,"(1.0131954 - x0) * tanh(x0)"
7,0.00025112936,"x0 - (x0 ^ (2.5712216 - x0))"
8,0.0002423149,"tanh(x0 - (x0 ^ (2.589489 - x0)))"
10,0.00024231483,"tanh(x0 - (x0 ^ (0.68874544 + (1.9007436 - x0))))"
