Complexity,Loss,Equation
1,0.09510147,"0.33596"
3,0.0004772312,"1.0075688 - x0"
5,5.553493e-6,"1.0584556 - (x0 * 1.0757682)"
7,5.55347e-6,"((1.1794685 - x0) * 1.075764) + -0.2103785"
