Complexity,Loss,Equation
1,0.08184246,"0.30170414"
3,0.00047642287,"0.9993736 - x0"
5,0.00029728093,"(x0 * -1.0491756) - -1.0336834"
7,0.00029728076,"1.131026 - ((x0 + 0.09278066) * 1.0491731)"
