Complexity,Loss,Equation
1,0.08924488,"0.3340762"
3,0.00015164763,"1.0033842 - x0"
5,1.7116668e-5,"1.0304205 - (x0 * 1.0403947)"
7,1.4486537e-5,"1.0187547 - ((x0 * 1.0297579) ^ 1.0252897)"
