Complexity,Loss,Equation
1,0.007874809,"0.13272223"
4,0.0024741825,"sqrt(x0) - x0"
5,0.00011455322,"(0.9887185 - x0) * x0"
7,6.6898865e-6,"(x0 * (0.9776885 - x0)) * 1.0900202"
8,5.64886e-6,"tanh(((0.9769502 - x0) * x0) * 1.1108696)"
9,3.3023794e-6,"0.009170121 - (((x0 * 1.0636634) - 1.0316812) * x0)"
10,2.795227e-6,"0.041214038 - (x0 * tanh((x0 * 1.0609713) + -0.9942322))"
