Complexity,Loss,Equation
1,0.003248169,"0.18329522"
5,3.4324006e-5,"x0 - (x0 * x0)"
7,7.04105e-6,"(0.98626393 - x0) * (x0 * 1.0488651)"
9,5.58383e-7,"(x0 * (0.98518085 - (x0 * 1.0067546))) + 0.0121605415"
