Complexity,Loss,Equation
1,0.008324997,"0.12463372"
4,0.0037695323,"sqrt(x0) - x0"
5,0.0037140113,"tanh(sqrt(x0) - x0)"
6,0.0034770474,"sqrt(x0) - (x0 * 0.9769552)"
7,0.0021219964,"tanh(x0) - tanh(x0 * x0)"
9,0.0014732591,"sqrt(x0) + (-0.22043876 - tanh(x0 * x0))"
