Complexity,Loss,Equation
1,0.097339965,"0.31450877"
3,0.0029763463,"0.9964536 - x0"
5,0.0005573968,"0.041623056 ^ (x0 ^ 2.0901258)"
6,0.00032868722,"exp(x0 / log(tanh(x0)))"
7,0.00010459065,"(0.030246975 ^ (x0 ^ 2.5593677)) / 1.1034766"
