Complexity,Loss,Equation
1,0.03440344,"0.13778235"
5,0.029869942,"u * (1.0069559 - u)"
7,0.029352587,"((u * -0.83374816) + 0.86283535) * u"
9,0.028042303,"u * (((u + -2.3788388) * u) + 1.4175569)"
11,0.027855795,"u * ((u + -1.1086287) * ((u * u) + -1.1085777))"
13,0.027597738,"(u + -0.051544778) * ((u + -1.0962489) * ((u * u) + -1.2150478))"
15,0.027443003,"(1.0506905 - u) * ((1.050691 - u) * ((u * (u * 3.0940657)) + 0.09379559))"
17,0.027411351,"(((1.039864 - u) * (((u * u) + 0.027114006) * 3.089973)) * (1.0398637 - u)) - -0.012026332"
19,0.027411086,"(((u + u) * ((u - 0.03437193) * 1.5035247)) * ((u + -1.1785797) * (u + -0.85148764))) + 0.09452913"
