Complexity,Loss,Equation
1,0.007045299,"0.1379899"
4,0.0028656847,"sqrt(x0) - x0"
5,2.7929393e-5,"x0 * (0.9958717 - x0)"
7,8.4719585e-7,"((x0 * -1.0442559) + 1.0335691) * x0"
9,7.446462e-7,"(x0 * ((x0 * -1.0397182) + 1.0277117)) - -0.001577932"
