Complexity,Loss,Equation
1,0.112689264,"0.4849833"
3,0.00029478723,"1.0101086 - x0"
5,7.773153e-6,"1.038014 - (x0 * 1.053142)"
7,7.74373e-6,"((0.9854325 ^ x0) - x0) * 1.0380422"
