Complexity,Loss,Equation
1,0.097339965,"0.31450877"
3,0.0029763463,"0.9964536 - x0"
5,0.00055724493,"0.041391846 ^ (x0 ^ 2.0914118)"
7,6.6591936e-5,"0.2636731 ^ ((x0 + 0.32832193) ^ 3.415757)"
8,4.33743e-5,"(0.60008335 ^ exp(x0 + x0)) ^ x0"
9,4.3374253e-5,"sqrt((0.36010596 ^ exp(x0 + x0)) ^ x0)"
10,3.6904366e-5,"((0.017293625 ^ (x0 ^ exp(x0))) ^ x0) * 0.9582947"
