Complexity,Loss,Equation
1,0.094712496,"0.32352224"
3,0.0005502191,"1.0014799 - x0"
5,4.565813e-5,"(x0 * -1.0787575) + 1.0548729"
7,4.565805e-5,"((x0 * -1.0787554) + -0.07857712) - -1.1334481"
9,4.346623e-6,"1.0272048 - (x0 * (0.9507556 - (x0 * -0.109270126)))"
11,4.346572e-6,"(((x0 * -0.10926778) - 1.9507582) * x0) + (1.0272052 + x0)"
17,4.346541e-6,"0.98085976 - ((((x0 * 2.9507542) - x0) + (-0.0463449 - x0)) - ((x0 * -0.10927181) * x0))"
