Complexity,Loss,Equation
1,0.09510147,"0.33596"
3,0.0004772312,"1.0075688 - x0"
5,5.5534992e-6,"1.0584518 - (x0 * 1.0757632)"
