Complexity,Loss,Equation
1,0.0066889846,"0.15608037"
4,0.0031078153,"sqrt(x0) - x0"
5,0.00013850181,"(0.9936926 - x0) * x0"
7,1.2741018e-6,"x0 - ((x0 ^ 2.1255848) * 1.0303376)"
9,1.2740867e-6,"x0 - (((x0 * 1.0285146) * x0) ^ 1.0627743)"
10,1.2148469e-6,"tanh(x0 ^ 1.0017567) - ((x0 * 0.79002666) * x0)"
