Complexity,Loss,Equation
1,0.0057653086,"0.14514345"
4,0.004731938,"sqrt(x0) - x0"
5,0.00013517143,"(0.990066 - x0) * x0"
7,0.00011739597,"0.0084479535 - ((x0 + -0.9784709) * x0)"
9,0.00010367738,"-0.00041667235 - (x0 * ((x0 * 1.0532479) + -1.0334709))"
11,0.000103677376,"-0.000416716 - (((x0 + -1.0334711) + (x0 * 0.053248137)) * x0)"
14,0.000103318234,"0.19908026 - tanh(((x0 + (x0 * 0.060135208)) + -0.75976884) * (x0 - 0.2635167))"
15,0.00010296795,"0.19974208 - tanh(tanh((x0 - 0.2656525) * (x0 + ((x0 * 0.066088036) + -0.76275086))))"
18,0.00010284703,"0.20009147 - tanh(tanh(tanh(((x0 * 0.07081535) + ((x0 + -0.76495886) * 1.0020702)) * (x0 - 0.26614842))))"
