Complexity,Loss,Equation
1,0.35191306,"1.1583208"
3,0.3450392,"1.2512609 ^ x0"
4,0.25959373,"exp(x0 ^ 23.69885)"
5,0.100961015,"52.686832 ^ (x0 ^ 49.988617)"
6,0.0705192,"exp((x0 ^ 78.16411) * 8.317687)"
7,0.05782391,"((x0 ^ 117.42048) - -0.02202236) * 45.839672"
8,0.04998444,"sqrt(((x0 ^ 162.01161) * 664.41156) - -1.0182024)"
10,0.044262704,"sqrt((((x0 ^ 149.80501) * 492.668) - x0) - -1.6563852)"
