Complexity,Loss,Equation
1,0.0947125,"0.32357284"
3,0.00055021944,"1.0014807 - x0"
5,4.565813e-5,"(x0 * -1.0787575) - -1.054872"
7,4.565803e-5,"(-0.090879865 - (x0 * 1.078768)) + 1.1457613"
