Complexity,Loss,Equation
1,0.10171867,"0.30649573"
3,0.003956125,"1.0019653 - x0"
5,0.0001709594,"0.036493603 ^ (x0 ^ 2.1946447)"
7,0.00017068855,"0.03615914 ^ ((x0 * x0) ^ 1.0989414)"
