Complexity,Loss,Equation
1,0.0090696,"0.14585593"
5,4.664115e-5,"x0 * (0.9975571 - x0)"
7,3.7162536e-5,"(x0 + 0.0061625536) * (0.99537647 - x0)"
9,2.9165933e-5,"((x0 * -0.9689667) + 0.96745706) * (x0 + 0.012774366)"
10,9.995835e-6,"(1.0836332 - (x0 * 1.0811738)) * tanh(x0)"
11,3.9334128e-7,"((-0.2012686 - (x0 * -0.20120053)) * x0) * (x0 + -5.4542894)"
12,3.7445017e-7,"(tanh(x0 / 1.2507768) * 1.3212197) * (0.99992037 - x0)"
