Complexity,Loss,Equation
1,0.09021822,"0.67939776"
3,0.029597117,"x0 * 0.20637593"
5,0.0073427795,"exp(-3.6126225 / exp(x0))"
7,0.0049413852,"exp(-5.0882406 / (exp(x0) + 1.5618411))"
8,0.0032337261,"(exp(x0) * -0.0022532148) + (x0 * 0.27535057)"
10,0.0015258379,"(((exp(x0) * -0.00030175675) + 0.23135546) * x0) - -0.09858788"
12,0.0015221155,"((x0 + -1.3821698) * (0.22800928 - (exp(x0) * 0.00038474216))) - -0.41607642"
13,0.0013925567,"(exp(x0) * -0.0021531563) + ((x0 * 0.27053732) + exp(-1.9860301 - x0))"
15,0.0013902321,"(exp(x0) * -0.0021289126) + ((x0 * 0.26771188) + (exp(-2.0780015 - x0) - -0.009142))"
