Complexity,Loss,Equation
1,0.10171869,"0.30648077"
3,0.003956125,"1.0019653 - x0"
5,0.0029757845,"(x0 * -1.1106706) + 1.0789355"
7,0.0006328375,"((x0 - 2.3388233) * x0) + 1.3693532"
