Complexity,Loss,Equation
1,0.097339965,"0.31450877"
3,0.0029763463,"0.9964606 - x0"
5,0.00055716967,"0.041207414 ^ (x0 ^ 2.0941978)"
7,9.560654e-5,"0.03315419 ^ ((x0 ^ 2.518325) + 0.028727952)"
