Complexity,Loss,Equation
1,0.089542106,"0.3981616"
3,0.00042652656,"1.0126965 - x0"
5,4.6318164e-6,"(x0 * -1.0737071) + 1.0579917"
7,4.6317036e-6,"((x0 * -1.0737026) - 7.5733247) + 8.631313"
9,2.0125156e-6,"(x0 * -1.0828558) + (1.0672578 - (0.0015285441 / x0))"
10,2.0087416e-6,"(1.0672812 - (0.0015311447 / tanh(x0))) + (x0 * -1.0823926)"
