Complexity,Loss,Equation
1,0.10159194,"0.3295013"
3,0.0012012415,"1.0082867 - x0"
5,0.00010206057,"1.0871407 - (x0 * 1.1161573)"
7,0.000102060025,"((x0 - 2.4596283) * -1.1161587) + -1.6581936"
9,3.0720614e-5,"(x0 * ((x0 * 0.1414546) + -1.2822219)) + 1.1231645"
11,3.0720472e-5,"(((x0 * 1.1414286) - (x0 + 1.2821882)) * x0) + 1.1231555"
13,1.7785712e-6,"(x0 * (-1.556849 - (x0 * (-0.71271014 + (x0 * 0.33921614))))) + 1.1571226"
15,9.93322e-7,"(x0 * (-2.5977685 - (x0 * ((x0 * 0.38731575) + -0.7954083)))) + (x0 + 1.1623598)"
17,9.143322e-7,"((-1.615493 - (((x0 * 0.40802827) + -0.83106047) * x0)) * x0) + ((x0 + 1.1646651) - x0)"
