Complexity,Loss,Equation
1,0.107115716,"0.33993798"
3,0.0017485465,"1.0156296 - x0"
5,2.4946909e-5,"1.1138053 - (x0 * 1.1452965)"
7,1.4876814e-5,"1.137536 - ((x0 * 1.1737611) ^ 0.9559329)"
