Complexity,Loss,Equation
1,0.007593072,"0.118155114"
4,0.002783361,"sqrt(x0) - x0"
5,0.0027169602,"tanh(sqrt(x0) - x0)"
6,0.0025686612,"(sqrt(x0) - x0) * 0.9038789"
7,0.0021188916,"(1.007438 - x0) * tanh(tanh(x0))"
8,0.0018996259,"(1.0216258 - x0) * tanh(tanh(tanh(x0)))"
9,0.0018047529,"(1.0362526 - x0) * tanh(tanh(tanh(tanh(x0))))"
