Complexity,Loss,Equation
1,0.11274479,"0.484987"
3,0.00029301504,"1.0101147 - x0"
5,2.947429e-6,"1.0381694 - (x0 * 1.0534292)"
7,9.361165e-7,"1.042016 - ((x0 ^ 0.9887492) * 1.0556973)"
