Complexity,Loss,Equation
1,0.10212336,"0.4046329"
3,0.0016104854,"1.0250894 - x0"
5,2.1407577e-5,"1.1135252 - (x0 * 1.142535)"
7,2.8105192e-6,"((0.9850779 - x0) / 0.87922734) ^ 1.0442038"
