Complexity,Loss,Equation
1,0.026129572,"0.12735865"
4,0.023669975,"exp(-1.5381875 - x0)"
5,0.0035504238,"x0 * (0.9438746 - x0)"
6,0.0032282395,"tanh(x0 + x0) - x0"
7,0.00056303304,"((x0 * -1.4025238) + 1.2767872) * x0"
8,0.00015221503,"x0 * tanh((x0 + -0.9127567) * -1.6203476)"
9,3.0496232e-5,"((x0 + -0.9118717) * (0.04726216 - x0)) * 1.5903785"
10,4.38082e-6,"((0.036861878 - x0) * tanh(x0 + -0.91252565)) * 1.6406952"
