Complexity,Loss,Equation
1,0.11399712,"0.46168464"
3,0.00036316414,"1.0116771 - x0"
5,2.2115144e-5,"1.0435072 - (x0 * 1.0578725)"
7,2.2115048e-5,"((x0 * -1.0578699) + 0.005840745) - -1.0376637"
8,2.2082138e-5,"1.0435284 - (x0 + tanh(x0 * 0.05794987))"
9,2.1268592e-5,"(x0 * ((x0 * 0.010101532) + -1.0689794)) - -1.0455316"
10,2.664195e-6,"0.79014134 - ((tanh(x0 + -0.49305117) + x0) * 0.54530764)"
