Complexity,Loss,Equation
1,0.0075753145,"0.13722771"
4,0.002838221,"sqrt(x0) - x0"
5,8.3429375e-5,"x0 * (0.99373853 - x0)"
7,9.756282e-7,"x0 * ((x0 * -1.078103) + 1.0602913)"
9,9.755358e-7,"(((x0 * -1.0779688) - -1.0601187) * x0) + 4.6331417e-5"
