Complexity,Loss,Equation
1,0.006760995,"0.15355322"
4,0.0031839889,"sqrt(x0) - x0"
5,0.00013561189,"(0.99316615 - x0) * x0"
7,1.5629843e-6,"(0.9679459 - (x0 ^ 1.1815985)) * x0"
