Complexity,Loss,Equation
1,0.09408397,"0.29638487"
3,0.0025236236,"0.9902554 - x0"
5,0.0009052453,"tanh(log(x0) * -0.7591607)"
6,0.00048817744,"exp(x0 / log(tanh(x0)))"
