Complexity,Loss,Equation
1,0.0075515523,"0.12415856"
4,0.0026437033,"sqrt(x0) - x0"
5,0.0026134972,"tanh(sqrt(x0) - x0)"
6,0.002352862,"sqrt(x0) - (x0 * 0.9772863)"
7,0.0006084132,"x0 * (0.023798158 ^ (x0 ^ 2.494792))"
8,0.00054338994,"(0.011433985 ^ tanh(x0 ^ 2.7535882)) * x0"
9,0.00053448975,"tanh((0.011433985 ^ tanh(x0 ^ 2.7535882)) * x0)"
10,0.00045363887,"(x0 * (0.012795525 ^ tanh(x0 ^ 3.0700314))) * 0.884473"
