Complexity,Loss,Equation
1,0.0032465337,"0.11876671"
4,0.0004150987,"exp(-1.4359429 - x0)"
5,2.2041814e-7,"(x0 * -0.19672029) + 0.25294024"
6,9.941505e-9,"tanh((x0 * -0.20070389) + 0.2566549)"
8,1.9745876e-9,"tanh((1.4202662 - x0) * 0.20250908) + -0.029095601"
9,9.541791e-11,"tanh(tanh((0.7886288 - x0) * 0.20137452) + 0.09841157)"
