Complexity,Loss,Equation
1,0.026129572,"0.12735812"
4,0.023669977,"exp(-1.5381813 - x0)"
5,0.0035504238,"x0 * (0.9438746 - x0)"
6,0.0032282395,"tanh(x0 + x0) - x0"
7,0.0004972855,"(0.8464476 - (x0 * x0)) * x0"
8,0.00015221504,"x0 * tanh((0.91275644 - x0) / 0.6171423)"
9,3.0496218e-5,"((1.5254014 - (x0 * 1.5903941)) * x0) + -0.068542354"
10,4.3808614e-6,"tanh(0.912524 - x0) * ((x0 + -0.036847863) / 0.6095525)"
